label,cellStrength,hAccuracyNetwork,vAccuracyNetwork,hAccuracyGPS,vAccuracyGPS,bAccuracyGPS,speedAccuracyGPS,nrSatellitesInView,nrSatellitesInFix,minCn0GPS,meanCn0GPS,maxCn0GPS,nrBlDevices,minCn0Bl,meanCn0Bl,maxCn0Bl,nrWifiDevices,minCn0Wifi,meanCn0Wifi,maxCn0Wifi,satellite_cn0_median,satellite_cn0_mode,satellite_cn0_std,satellite_cn0_range,bluetooth_rssi_median,bluetooth_rssi_mode,bluetooth_rssi_std,bluetooth_rssi_range,wifi_rssi_median,wifi_rssi_mode,wifi_rssi_std,wifi_rssi_range
Indoor,3.0,31.42075,4.380242579166667,0.0,0.0,0.0,0.0,42.958333333333336,0.0,0.0,0.0,0.0,7.833333333333333,-98.0,-78.74236166666667,-41.0,9.708333333333334,-88.5,-71.84338116666667,-47.666666666666664,0.0,0.0,0.0,0.0,-90.41666666666667,-98.0,23.345390261058526,57.0,-73.875,-87.83333333333333,13.391746260321591,40.833333333333336
Indoor,3.739130434782609,13.906043478260864,1.0224166608695655,0.0,0.0,0.0,0.0,35.30434782608695,0.0,0.0,0.0,0.0,68.91304347826087,-98.6086956521739,-79.21196426086958,-41.0,30.73913043478261,-89.3913043478261,-74.45564826086955,-63.56521739130435,0.0,0.0,0.0,0.0,-80.23913043478261,-83.08695652173913,11.204010666296352,57.608695652173914,-74.8695652173913,-74.52173913043478,7.856450372601728,25.82608695652174
Indoor,3.0,203.29000000000002,12.256197,4.625,33.60000000000001,146.18,2.6700000000000004,43.0,12.05,15.949999999999998,20.75,31.05,4.0,-96.0,-78.5166664,-48.0,2.5,-92.8,-90.3166664,-87.7,20.597500000000004,16.494999999999997,4.607954548652332,15.414999999999997,-90.9,-94.05,25.60759851444093,48.0,-90.45,-92.0,3.1940122444173653,5.1
Indoor,2.5172413793103448,14.665103448275863,1.4007245620689661,0.296551724137931,1.7620689655172415,2.262068965517241,0.07586206896551725,37.275862068965516,0.13793103448275862,0.6206896551724138,0.7241379310344828,0.8620689655172413,98.86206896551724,-101.0,-82.26389196551726,-48.0,16.896551724137932,-89.96551724137932,-73.50378965517241,-55.48275862068966,0.75,0.6206896551724138,0.10994900269947695,0.2655172413793103,-84.56896551724138,-86.6896551724138,10.723314341256275,53.0,-76.08620689655173,-63.206896551724135,11.13447030380634,34.48275862068966
Indoor,2.764705882352941,20.128784313725493,2.4940624156862747,11.33137254901961,43.823529411764696,72.74705882352941,3.9137254901960783,43.3921568627451,3.0,10.333333333333334,14.549019607843137,17.784313725490197,45.05882352941177,-98.86274509803921,-85.03644550980395,-50.0,3.4705882352941178,-74.74509803921569,-73.24836580392157,-70.80392156862744,12.78921568627451,10.511764705882353,2.3902489918261836,5.4411764705882355,-89.75490196078431,-93.3529411764706,12.526577298127485,48.86274509803921,-74.11764705882354,-74.74509803921569,2.1786212355160326,3.9411764705882355
Indoor,1.9285714285714286,22.792678571428578,1.8881684464285715,0.0,0.0,0.0,0.0,22.857142857142858,0.0,0.0,0.0,0.0,38.607142857142854,-99.92857142857143,-88.66057371428573,-48.0,2.0,-85.0,-84.5,-84.0,0.0,0.0,0.0,0.0,-92.96428571428571,-96.64285714285714,12.117508963279084,51.92857142857143,-84.5,-85.0,0.7071067811865474,1.0
Indoor,4.0,16.01837931034483,5.469537862068964,28.186206896551727,85.74482758620691,117.70344827586209,2.127586206896552,46.93103448275862,4.482758620689655,7.5103448275862075,20.137931034482758,23.24137931034483,63.58620689655172,-100.0,-88.08569465517242,-53.0,35.62068965517241,-92.72413793103448,-77.05764586206898,-61.58620689655172,8.579310344827586,7.5103448275862075,1.1880884096978508,2.396551724137931,-91.10344827586206,-94.58620689655173,10.336245634463276,47.0,-75.72413793103448,-75.20689655172414,9.025190189288068,31.137931034482758
Indoor,3.857142857142857,15.966857142857142,2.3839926571428576,5.4107142857142865,29.232142857142858,166.18571428571425,2.2142857142857144,47.92857142857143,5.285714285714286,16.95,20.142857142857142,25.142857142857142,13.5,-99.21428571428571,-82.93151407142855,-47.0,6.0,-80.0,-65.16666400000001,-45.0,20.673214285714284,17.27142857142857,3.467846589143984,8.817857142857141,-85.30357142857143,-99.21428571428571,14.130674437348679,52.214285714285715,-71.5,-75.0,14.98554859411782,35.0
Indoor,4.0,729.6405714285715,1.364251797142857,0.0,0.0,0.0,0.0,37.05714285714286,0.0,0.0,0.0,0.0,44.285714285714285,-99.71428571428571,-83.85165737142857,-37.0,7.0,-82.0,-71.28571000000001,-60.0,0.0,0.0,0.0,0.0,-88.44285714285714,-93.0,15.232658024692192,62.714285714285715,-71.0,-71.0,8.400680244565233,22.0
Indoor,2.5172413793103448,17.059068965517238,1.6262328793103449,0.0,0.0,0.0,0.0,38.0,0.0,0.0,0.0,0.0,66.75862068965517,-101.0,-87.27761099999998,-42.0,39.0,-92.0,-76.948715,-64.0,0.0,0.0,0.0,0.0,-88.84482758620689,-93.82758620689656,10.220711375939407,59.0,-75.0,-74.0,8.143284989385645,28.0
Indoor,4.0,15.29571875,2.1711614624999998,2.046875,23.478125,134.21875,1.1062500000000002,44.0,20.90625,16.237499999999997,26.09375,37.53125,15.59375,-98.75,-81.73336703125,-46.0,12.03125,-90.8125,-72.51585196875,-46.3125,26.932812500000004,22.015625,6.848484044925963,21.903125,-86.15625,-98.40625,14.905220015614814,52.75,-73.828125,-73.3125,14.227936468187124,44.5
Indoor,2.033333333333333,16.52986666666666,1.7707797266666667,0.0,0.0,0.0,0.0,37.4,0.0,0.0,0.0,0.0,31.9,-100.0,-87.05199386666666,-51.166666666666664,18.0,-86.0,-65.88888500000002,-38.0,0.0,0.0,0.0,0.0,-89.58333333333333,-92.36666666666666,11.591638613694837,48.833333333333336,-74.0,-86.0,19.37217194203153,48.0
Indoor,1.434782608695652,24.895521739130437,2.918980473913044,0.0,0.0,0.0,0.0,35.0,0.0,0.0,0.0,0.0,13.08695652173913,-98.26086956521739,-81.76615752173915,-45.0,30.17391304347826,-87.1304347826087,-75.08771139130435,-66.30434782608695,0.0,0.0,0.0,0.0,-84.67391304347827,-90.26086956521739,17.328002583047525,53.26086956521739,-74.08695652173913,-79.78260869565217,6.911988219685339,20.82608695652174
Indoor,4.0,13.876903225806448,1.0,4.196774193548387,63.125806451612874,116.06451612903227,1.419354838709678,42.225806451612904,3.838709677419355,1.1225806451612903,14.225806451612904,17.612903225806452,64.74193548387096,-99.0,-86.31190070967746,-43.0,27.225806451612904,-89.54838709677419,-75.50438838709674,-64.83870967741936,1.4919354838709677,1.1225806451612903,0.29847994335127337,0.8483870967741937,-88.0,-88.83870967741936,9.07711164924554,56.0,-74.2258064516129,-84.41935483870968,7.523608730078451,24.70967741935484
Indoor,3.92,21.47708,2.7903162960000003,0.0,0.0,0.0,0.0,37.0,0.0,0.0,0.0,0.0,54.48,-99.0,-83.37462912,-45.0,19.0,-91.0,-81.31579000000002,-75.0,0.0,0.0,0.0,0.0,-86.54,-91.8,12.34897278711245,54.0,-81.0,-82.0,4.595319255974223,16.0
Indoor,4.0,17.527208333333334,8.852463625,0.0,0.0,0.0,0.0,37.0,0.0,0.0,0.0,0.0,17.375,-97.0,-78.57431625,-46.75,3.0,-86.0,-75.666664,-62.0,0.0,0.0,0.0,0.0,-84.0625,-86.375,14.48245339375032,50.25,-79.0,-86.0,12.342339054382412,24.0
Indoor,1.5,19.781875,2.15727154,2.5149999999999997,20.207500000000003,151.42999999999998,1.01,46.875,24.125,16.6125,25.7,43.75,8.975,-89.475,-71.1246429,-49.0,4.275,-86.875,-73.904166,-64.475,24.93,22.4075,7.482373627676869,27.51,-74.0875,-81.5,13.924079162461192,40.475,-71.4125,-82.55,9.652387655113483,22.4
Indoor,2.0,13.48382758620689,1.246067517241379,0.0,0.0,0.0,0.0,32.37931034482759,0.0,0.0,0.0,0.0,35.48275862068966,-100.0,-88.74799013793104,-50.86206896551724,18.0,-86.0,-65.88888500000002,-38.0,0.0,0.0,0.0,0.0,-91.77586206896552,-95.82758620689656,10.434338985378703,49.13793103448276,-74.0,-86.0,19.372171942031535,48.0
Indoor,3.0,32.15882352941177,7.162389235294118,0.0,0.0,0.0,0.0,37.0,0.0,0.0,0.0,0.0,43.88235294117647,-99.41176470588235,-86.11859764705882,-51.0,18.41176470588235,-89.94117647058823,-82.32037270588235,-74.94117647058823,0.0,0.0,0.0,0.0,-87.82352941176471,-84.0,9.81555117000758,48.411764705882355,-82.23529411764706,-80.23529411764706,5.042234001782775,15.0
Indoor,4.0,15.540321428571431,2.9498473678571435,4.792857142857144,30.11785714285714,155.47499999999997,2.467857142857143,47.642857142857146,8.535714285714286,16.96071428571429,23.178571428571427,32.607142857142854,14.142857142857142,-100.0,-89.49056792857144,-71.0,10.0,-95.0,-79.7,-67.0,23.280357142857145,17.671428571428574,5.7537660469650955,15.885714285714286,-91.64285714285714,-99.57142857142857,9.152154972570772,29.0,-79.0,-95.0,8.944893018427392,28.0
Indoor,2.7083333333333335,19.186583333333335,2.0565625,0.0,0.0,0.0,0.0,36.208333333333336,0.0,0.0,0.0,0.0,6.291666666666667,-90.75,-73.45833333333333,-51.416666666666664,5.708333333333333,-89.5,-77.45952516666667,-62.666666666666664,0.0,0.0,0.0,0.0,-81.75,-90.75,20.431086956203718,47.666666666666664,-78.47916666666667,-89.5,10.401494325964938,26.833333333333332
Indoor,1.0714285714285714,16.90307142857143,1.2353346285714284,1.8999999999999997,9.9,178.30000000000004,0.8999999999999998,28.571428571428573,25.0,0.0,28.0,40.0,64.60714285714286,-100.0,-87.64247149999998,-48.0,10.0,-81.0,-70.09999999999998,-64.0,0.0,0.0,0.0,0.0,-91.0,-96.0,11.244462784456468,52.0,-67.0,-67.0,7.14065045278712,17.0
Indoor,1.5789473684210527,44.89721052631579,8.357078457894737,0.0,0.0,0.0,0.0,36.0,0.0,0.0,0.0,0.0,10.210526315789474,-100.0,-76.73547357894738,-36.421052631578945,5.526315789473684,-89.3157894736842,-77.95614147368421,-61.526315789473685,0.0,0.0,0.0,0.0,-93.05263157894737,-67.15789473684211,26.66482538741077,63.578947368421055,-78.5,-89.10526315789474,11.209734416885995,27.789473684210527
Indoor,2.9655172413793105,14.174379310344825,1.0,0.0,0.0,0.0,0.0,37.0,0.0,0.0,0.0,0.0,17.310344827586206,-99.0,-88.50284413793105,-48.0,14.241379310344827,-85.75862068965517,-73.27093396551724,-60.689655172413794,0.0,0.0,0.0,0.0,-92.96551724137932,-98.37931034482759,12.799421762351749,51.0,-72.6896551724138,-73.62068965517241,9.106099903648047,25.06896551724138
Indoor,3.2758620689655173,39.09310344827586,5.069506931034483,3.810344827586206,25.117241379310347,146.2551724137931,2.341379310344828,46.03448275862069,15.586206896551724,16.682758620689654,23.413793103448278,31.96551724137931,34.3448275862069,-99.51724137931035,-85.88873879310344,-48.0,5.0,-81.0,-70.20000000000002,-42.0,24.17758620689655,20.858620689655172,4.882503769060301,15.837931034482759,-88.96551724137932,-93.0,12.638551826450856,51.51724137931034,-76.0,-76.0,15.912259424732875,39.0
Indoor,4.0,15.882827586206904,4.411593617241378,2.875862068965518,16.9,114.1241379310345,1.6275862068965516,52.0,21.620689655172413,17.458620689655174,25.413793103448278,35.96551724137931,13.03448275862069,-96.6896551724138,-76.99117662068964,-46.0,7.896551724137931,-91.24137931034483,-77.56091793103447,-61.172413793103445,26.003448275862066,23.572413793103443,5.26056102398246,18.937931034482755,-81.60344827586206,-90.0,18.034807695315,50.689655172413794,-78.62068965517241,-81.10344827586206,9.578388295938513,30.06896551724138
Indoor,2.1724137931034484,15.375103448275858,1.0,0.0,0.0,0.0,0.0,38.0,0.0,0.0,0.0,0.0,60.0,-99.0,-88.07106044827586,-40.0,39.0,-92.0,-76.948715,-64.0,0.0,0.0,0.0,0.0,-90.24137931034483,-93.0,9.761867163375975,59.0,-75.0,-74.0,8.143284989385645,28.0
Indoor,1.7666666666666666,18.399166666666662,1.18311752,2.9000000000000004,25.796666666666667,170.21333333333328,2.603333333333333,46.0,16.0,15.91,22.733333333333334,30.5,9.966666666666667,-89.0,-70.38296283333335,-46.0,4.466666666666667,-74.0,-67.18388879999999,-60.03333333333333,23.646666666666665,19.423333333333336,4.354712222117959,14.823333333333334,-70.86666666666666,-74.7,12.405875051655281,43.0,-66.76666666666667,-70.8,5.532051538686698,13.966666666666667
Indoor,4.0,16.19051724137931,2.200273682758621,7.379310344827585,37.306896551724144,63.87241379310345,0.9931034482758622,45.275862068965516,1.896551724137931,3.882758620689655,11.206896551724139,14.10344827586207,30.275862068965516,-99.65517241379311,-86.16859603448277,-48.206896551724135,19.448275862068964,-87.86206896551724,-68.27049500000001,-41.310344827586206,5.18448275862069,3.882758620689655,1.3182559810867458,2.7758620689655173,-93.56896551724138,-95.41379310344827,14.545988762647273,51.44827586206897,-74.82758620689656,-84.55172413793103,17.80487269460244,46.55172413793103
Indoor,3.4444444444444446,15.364555555555558,3.9097873518518527,2.8703703703703702,15.814814814814815,99.94444444444446,0.9444444444444443,44.148148148148145,2.3333333333333335,10.070370370370371,11.333333333333334,13.148148148148149,11.814814814814815,-94.0,-84.30583437037036,-64.0,6.0,-80.0,-65.16666400000001,-45.0,11.805555555555555,10.225925925925928,1.4411991278696112,3.2925925925925927,-88.03703703703704,-91.0,9.838335102252643,30.0,-71.5,-75.0,14.985548594117821,35.0
Indoor,4.0,22.296461538461543,8.442780723076924,5.434615384615384,29.484615384615385,146.76153846153846,3.038461538461538,47.0,9.538461538461538,18.973076923076924,23.23076923076923,31.076923076923077,11.0,-91.0,-72.181816,-40.0,4.846153846153846,-88.0,-81.38095292307693,-69.61538461538461,24.01153846153846,21.057692307692307,3.8949640542660497,12.692307692307692,-80.0,-80.0,18.115287366300215,51.0,-85.07692307692308,-88.0,8.166664034274278,18.384615384615383
Indoor,1.5483870967741935,22.199741935483875,3.5947413161290327,0.0,0.0,0.0,0.0,37.193548387096776,0.0,0.0,0.0,0.0,8.935483870967742,-97.54838709677419,-87.61111048387093,-64.12903225806451,6.387096774193548,-93.74193548387096,-83.271504516129,-73.6774193548387,0.0,0.0,0.0,0.0,-92.25806451612904,-94.0,11.529339172817355,33.41935483870968,-83.06451612903226,-93.74193548387096,7.906349953341818,20.06451612903226
Indoor,4.0,16.166483870967742,7.032269096774195,4.112903225806453,37.92903225806452,144.81290322580645,1.6548387096774195,45.54838709677419,15.935483870967742,14.354838709677418,21.161290322580644,27.451612903225808,12.225806451612904,-98.0,-81.09677625806451,-59.0,9.903225806451612,-93.19354838709677,-78.23870941935486,-62.225806451612904,22.59354838709677,19.23225806451613,4.3471625233038305,13.470967741935487,-84.06451612903226,-98.0,14.528749185700523,39.0,-74.45161290322581,-73.3225806451613,11.763513718011385,30.967741935483872
Indoor,2.5357142857142856,20.09539285714286,1.9951180214285718,0.0,0.0,0.0,0.0,37.0,0.0,0.0,0.0,0.0,17.571428571428573,-97.60714285714286,-80.02888214285713,-61.0,4.857142857142857,-80.35714285714286,-70.60714285714286,-55.07142857142857,0.0,0.0,0.0,0.0,-84.14285714285714,-61.0,13.84667642688005,36.607142857142854,-73.60714285714286,-80.35714285714286,11.132022111740067,25.285714285714285
Indoor,4.0,729.6405714285715,1.364251797142857,0.0,0.0,0.0,0.0,37.05714285714286,0.0,0.0,0.0,0.0,44.285714285714285,-99.71428571428571,-83.85165737142857,-37.0,7.0,-82.0,-71.28571000000001,-60.0,0.0,0.0,0.0,0.0,-88.44285714285714,-93.0,15.232658024692192,62.714285714285715,-71.0,-71.0,8.400680244565233,22.0
Indoor,4.0,31.919379310344826,3.9032593862068965,2.417241379310345,19.658620689655177,153.0344827586207,1.1517241379310343,47.0,22.724137931034484,16.686206896551724,25.724137931034484,38.0,33.206896551724135,-100.0,-88.79898958620687,-41.0,5.0,-81.0,-70.20000000000002,-42.0,25.970689655172414,22.900000000000002,6.000798717207137,21.46896551724138,-93.12068965517241,-95.93103448275862,13.57879393634895,59.0,-76.0,-76.0,15.912259424732875,39.0
Indoor,3.0,40.73273076923077,4.952617692307692,0.0,0.0,0.0,0.0,37.0,0.0,0.0,0.0,0.0,7.3076923076923075,-99.0,-82.359282,-41.0,29.076923076923077,-93.38461538461539,-72.98823365384615,-51.30769230769231,0.0,0.0,0.0,0.0,-88.61538461538461,-94.5,19.611681055117984,58.0,-75.11538461538461,-72.07692307692308,13.682093744641394,42.07692307692308
Indoor,1.896551724137931,13.656172413793104,8.24222023448276,0.0,0.0,0.0,0.0,26.103448275862068,0.0,0.0,0.0,0.0,32.793103448275865,-99.44827586206897,-84.01624213793102,-40.0,51.86206896551724,-91.62068965517241,-74.29060275862068,-54.37931034482759,0.0,0.0,0.0,0.0,-90.44827586206897,-92.93103448275862,14.056064282347048,59.44827586206897,-75.44827586206897,-76.27586206896552,11.399158770434626,37.241379310344826
Indoor,3.0,22.84285714285715,3.384302499999999,0.0,0.0,0.0,0.0,38.0,0.0,0.0,0.0,0.0,42.392857142857146,-100.0,-86.66817953571429,-45.0,5.0,-81.0,-70.20000000000002,-42.0,0.0,0.0,0.0,0.0,-91.51785714285714,-96.0,12.357711396803527,55.0,-76.0,-76.0,15.912259424732875,39.0
Indoor,3.0,82.36363636363639,14.270367754545457,0.0,0.0,0.0,0.0,21.318181818181817,0.0,0.0,0.0,0.0,19.818181818181817,-97.18181818181819,-84.36435427272728,-59.54545454545455,2.090909090909091,-85.4090909090909,-83.34848472727273,-79.22727272727273,0.0,0.0,0.0,0.0,-87.72727272727273,-96.04545454545455,11.306472183551817,37.63636363636363,-85.4090909090909,-85.4090909090909,6.543303050815759,6.181818181818182
Indoor,3.8275862068965516,19.20775862068966,2.242015965517241,0.0,0.0,0.0,0.0,36.0,0.0,0.0,0.0,0.0,8.758620689655173,-87.0,-65.78534758620691,-48.0,3.2413793103448274,-75.48275862068965,-68.6448275862069,-63.724137931034484,0.0,0.0,0.0,0.0,-64.08620689655173,-77.0,12.713837530167027,39.0,-66.87931034482759,-75.48275862068965,6.13878172842507,11.758620689655173
Indoor,3.506666666666667,13.842400000000001,1.041930724,0.0,0.0,0.0,0.0,37.0,0.0,0.0,0.0,0.0,11.226666666666667,-98.97333333333333,-86.91330886666667,-61.0,19.56,-86.4,-72.359674,-56.08,0.0,0.0,0.0,0.0,-93.44666666666667,-96.45333333333333,13.357065791531644,37.973333333333336,-72.8,-84.72,9.535130257613119,30.32
Indoor,3.0,12.694769230769234,5.094566534615385,0.0,0.0,0.0,0.0,25.076923076923077,0.0,0.0,0.0,0.0,36.42307692307692,-100.65384615384616,-84.5519655,-46.0,50.0,-91.0,-73.46000000000001,-55.0,0.0,0.0,0.0,0.0,-87.71153846153847,-94.0,12.75103363584811,54.65384615384615,-74.0,-74.0,11.201694478232904,36.0
Indoor,2.0,12.655281250000002,7.2129150187499995,0.0,0.0,0.0,0.0,28.125,0.0,0.0,0.0,0.0,33.5,-99.1875,-82.28872265625,-46.53125,53.6875,-94.0,-77.737926875,-54.34375,0.0,0.0,0.0,0.0,-86.796875,-93.4375,15.507408699016544,52.65625,-80.6875,-84.0625,11.487589624693891,39.65625
Indoor,1.25,17.646749999999997,1.6200117821428575,0.0,0.0,0.0,0.0,21.5,0.0,0.0,0.0,0.0,32.607142857142854,-99.0,-82.05616092857144,-44.0,26.678571428571427,-87.75,-71.46079678571427,-51.107142857142854,0.0,0.0,0.0,0.0,-84.55357142857143,-96.0,15.460302911610755,55.0,-67.44642857142857,-78.92857142857143,12.175110097506064,36.642857142857146
Indoor,4.0,16.29796551724138,2.9053268758620687,4.896551724137931,26.96206896551724,146.27241379310345,2.7413793103448283,48.0,10.068965517241379,16.337931034482757,22.862068965517242,31.448275862068964,14.172413793103448,-99.0,-82.63238862068965,-58.793103448275865,7.241379310344827,-84.65517241379311,-69.67700965517244,-51.827586206896555,23.812068965517245,17.524137931034485,4.883949781488954,15.737931034482761,-85.0,-96.0,12.341416975654816,40.206896551724135,-73.82758620689656,-81.20689655172414,13.110862380972513,32.827586206896555
Outdoor,4.0,27.740869565217398,4.9854221217391315,1.417391304347826,11.208695652173914,139.41304347826087,0.6913043478260869,48.0,27.608695652173914,19.473913043478266,32.43478260869565,44.391304347826086,16.0,-99.3913043478261,-92.53381565217396,-43.0,12.173913043478262,-93.17391304347827,-86.25362330434783,-78.04347826086956,34.12173913043478,31.121739130434786,7.059027996024173,25.586956521739125,-96.17391304347827,-99.0,13.770486325845855,56.391304347826086,-86.30434782608695,-90.82608695652173,5.38562951774486,15.130434782608695
Outdoor,3.0,267.24017391304335,0.9406857521739128,2.2000000000000006,23.98695652173913,163.18695652173915,0.8782608695652172,44.0,22.695652173913043,16.208695652173912,30.08695652173913,46.608695652173914,22.17391304347826,-99.0,-89.90227999999999,-50.0,15.043478260869565,-93.26086956521739,-81.52725756521738,-64.91304347826087,29.971739130434784,22.213043478260865,9.100725286466918,30.80869565217391,-93.34782608695652,-97.95652173913044,12.19072191043862,49.0,-83.45652173913044,-86.21739130434783,9.893340206938317,28.347826086956523
Outdoor,4.0,35.33342857142857,5.380889142857143,1.6047619047619048,13.976190476190473,176.8904761904762,0.7857142857142856,47.0,25.476190476190474,17.93333333333333,31.0,46.42857142857143,5.0,-98.71428571428571,-85.09115619047618,-48.95238095238095,7.857142857142857,-95.28571428571429,-86.77142857142859,-75.28571428571429,31.030952380952375,25.20952380952381,7.287240992733039,28.88095238095238,-93.11904761904762,-98.42857142857143,20.437335904502696,49.76190476190476,-89.21428571428571,-86.28571428571429,7.841241531134704,20.0
Outdoor,4.0,28.94154545454545,3.697980059090909,4.618181818181818,36.72727272727273,117.69545454545455,0.8863636363636362,47.54545454545455,27.772727272727273,18.37727272727273,32.0,46.63636363636363,6.7727272727272725,-89.54545454545455,-74.03779509090909,-47.77272727272727,14.818181818181818,-93.54545454545455,-83.36800409090912,-66.36363636363636,32.981818181818184,29.13181818181818,7.740133327753847,28.781818181818185,-83.1590909090909,-89.45454545454545,22.698874507668354,50.86363636363637,-84.0909090909091,-89.86363636363636,7.201055695401942,27.181818181818183
Outdoor,4.0,43.659749999999995,9.714439846428567,3.3249999999999993,29.792857142857144,172.6428571428571,1.175,47.0,17.25,15.8,27.428571428571427,41.785714285714285,10.0,-74.92857142857143,-66.26142057142859,-60.57142857142857,15.392857142857142,-93.28571428571429,-84.49705771428572,-74.35714285714286,26.571428571428573,20.028571428571432,8.57454391752916,26.546428571428578,-70.42857142857143,-74.21428571428571,12.382702287050689,39.357142857142854,-82.5,-81.5,6.841422696003241,18.928571428571427
Outdoor,4.0,74.83835714285713,15.118007928571428,1.5714285714285716,8.64642857142857,158.64285714285714,0.6964285714285715,48.785714285714285,28.142857142857142,18.892857142857142,31.928571428571427,46.892857142857146,27.821428571428573,-100.0,-93.31774314285711,-54.0,13.5,-90.92857142857143,-84.04017857142857,-75.35714285714286,32.48035714285714,27.428571428571423,7.193375468106355,28.47857142857143,-96.92857142857143,-98.53571428571429,10.984490680625015,46.0,-87.03571428571429,-89.28571428571429,6.1852483299951695,15.571428571428571
Outdoor,4.0,30.496870967741945,1.8403786451612905,1.7580645161290323,10.116129032258065,154.39354838709673,0.7483870967741937,48.83870967741935,25.322580645161292,19.509677419354837,31.322580645161292,45.96774193548387,29.258064516129032,-99.0,-89.82933745161287,-54.774193548387096,18.35483870967742,-93.0,-78.60903951612902,-69.54838709677419,32.28870967741936,26.72903225806452,6.926743984915695,26.91612903225806,-93.30645161290323,-93.80645161290323,10.593494489563621,44.225806451612904,-76.58064516129032,-80.29032258064517,7.208296953646784,23.451612903225808
Outdoor,3.7857142857142856,19.773428571428575,1.3199033428571425,4.046428571428572,29.178571428571427,169.1178571428571,2.1464285714285714,47.0,21.5,16.91785714285714,24.714285714285715,34.535714285714285,42.214285714285715,-100.0,-86.70582967857139,-46.142857142857146,39.0,-92.0,-76.948715,-64.0,25.61428571428572,22.539285714285715,4.8966322628004155,18.389285714285712,-90.76785714285714,-82.5,12.884552363017422,53.857142857142854,-75.0,-74.0,8.143284989385645,28.0
Outdoor,4.0,51.21993103448277,5.336125603448275,2.4482758620689653,21.658620689655177,152.10344827586206,1.0793103448275863,47.0,23.20689655172414,16.786206896551725,26.344827586206897,42.37931034482759,3.586206896551724,-97.0,-75.54310455172414,-45.10344827586207,7.0344827586206895,-93.96551724137932,-88.15037034482759,-81.20689655172414,26.15344827586207,22.179310344827584,7.032443718198588,25.96206896551724,-82.03448275862068,-97.0,25.739807217168053,51.89655172413793,-88.22413793103448,-93.0,5.005189083883962,12.758620689655173
Outdoor,4.0,24.880551724137938,3.3429614689655183,1.3034482758620687,8.489655172413794,170.82758620689648,0.506896551724138,49.0,26.137931034482758,20.351724137931033,35.0,45.206896551724135,84.75862068965517,-102.0,-91.65001789655174,-35.0,29.482758620689655,-93.03448275862068,-84.09456124137932,-74.72413793103448,36.72586206896552,34.01379310344828,6.897623363175026,25.179310344827588,-94.25862068965517,-98.10344827586206,10.281930046908041,67.0,-84.98275862068965,-85.79310344827586,5.54258555928805,18.310344827586206
Outdoor,4.0,43.93767857142857,3.9790157999999995,2.389285714285714,47.032142857142865,163.2535714285714,1.1928571428571428,45.0,22.964285714285715,17.24642857142857,28.928571428571427,42.785714285714285,42.107142857142854,-100.78571428571429,-86.54517646428573,-49.0,9.821428571428571,-94.85714285714286,-85.79059750000002,-67.25,29.401785714285715,23.892857142857142,8.1693839534685,26.08571428571429,-88.30357142857143,-93.25,10.587893073674774,51.785714285714285,-87.17857142857143,-93.96428571428571,9.210908769217992,27.607142857142858
Outdoor,4.0,21.05485185185185,5.571109559259259,1.362962962962963,7.637037037037037,116.28888888888889,0.6037037037037036,52.0,30.666666666666668,18.97037037037037,34.25925925925926,45.81481481481482,27.48148148148148,-99.33333333333333,-89.19686296296297,-40.0,20.74074074074074,-94.81481481481481,-83.48040722222224,-60.074074074074076,35.794444444444444,33.47037037037037,7.170784605525773,27.45185185185185,-92.46296296296296,-93.0,11.82657567751859,59.333333333333336,-85.5,-91.51851851851852,9.308550978193788,34.74074074074074
Outdoor,4.0,41.51892857142858,3.1689171749999994,1.3714285714285712,10.582142857142856,155.67499999999998,0.742857142857143,47.892857142857146,26.607142857142858,21.403571428571432,33.785714285714285,46.42857142857143,19.964285714285715,-101.0,-91.58172071428574,-47.0,15.285714285714286,-94.32142857142857,-85.62983214285714,-71.46428571428571,34.503571428571426,28.45,6.970736457127114,25.564285714285713,-94.92857142857143,-96.64285714285714,11.626122725460524,54.0,-86.71428571428571,-88.10714285714286,6.621153106408926,22.857142857142858
Outdoor,4.0,34.44584210526315,7.761484963157895,1.510526315789474,18.594736842105267,175.1684210526316,0.6421052631578948,49.0,25.68421052631579,16.857894736842102,31.105263157894736,43.526315789473685,13.210526315789474,-102.0,-91.98320547368421,-80.0,13.526315789473685,-91.63157894736842,-82.36090268421053,-71.47368421052632,32.642105263157895,28.810526315789478,7.8107933998982055,27.157894736842106,-93.28947368421052,-96.0,6.171548900105273,22.0,-82.8157894736842,-87.84210526315789,6.716870268199004,20.157894736842106
Outdoor,4.0,19.751624999999997,2.2605169125,2.0250000000000004,17.94375,167.65,0.775,49.0,25.875,18.143749999999997,33.8125,46.3125,14.5,-99.75,-89.183713125,-47.0,15.9375,-93.875,-84.78650250000001,-70.4375,36.21875,26.55625,8.280730342751117,28.75,-93.9375,-95.25,15.334394098848142,52.75,-86.8125,-87.0625,7.0731647632179895,23.4375
Outdoor,4.0,21.437758620689657,1.575894565517242,1.3551724137931032,9.110344827586207,163.59999999999997,0.5689655172413793,48.0,27.82758620689655,19.24827586206897,34.13793103448276,44.89655172413793,28.103448275862068,-101.44827586206897,-86.79757234482756,-35.0,24.24137931034483,-93.65517241379311,-80.97034396551724,-64.93103448275862,35.77241379310345,33.43793103448276,6.819183512496215,26.227586206896554,-91.22413793103448,-93.89655172413794,15.512144717771257,66.44827586206897,-83.24137931034483,-80.06896551724138,8.660171655217423,28.724137931034484
Outdoor,4.0,33.9451,1.6408316866666672,3.573333333333333,29.923333333333336,152.6933333333333,1.853333333333333,48.0,21.7,15.813333333333333,23.333333333333332,40.4,32.6,-102.0,-89.00486186666667,-37.0,50.0,-91.0,-73.46000000000001,-55.0,23.358333333333338,20.406666666666663,6.0499593102191245,25.10666666666667,-93.15,-94.0,12.760663146852004,65.0,-74.0,-74.0,11.201694478232906,36.0
Outdoor,4.0,43.73305882352941,4.060533982352942,1.4294117647058822,10.688235294117646,142.31176470588235,0.5941176470588236,49.0,30.529411764705884,21.176470588235293,32.88235294117647,44.94117647058823,32.705882352941174,-98.0,-89.66909205882355,-53.0,18.176470588235293,-92.94117647058823,-77.24055764705884,-67.6470588235294,34.59117647058824,30.447058823529414,6.758455038616278,24.082352941176474,-92.0,-92.23529411764706,8.94927451526699,45.0,-73.97058823529412,-70.47058823529412,8.787774787114287,25.294117647058822
Outdoor,4.0,35.492583333333336,3.2310708750000003,1.4666666666666668,10.729166666666666,121.5625,0.7999999999999999,49.0,30.208333333333332,18.866666666666667,31.75,45.833333333333336,35.958333333333336,-99.0,-89.48988083333332,-71.0,25.541666666666668,-92.33333333333333,-74.87904075,-55.75,32.6,27.587499999999995,7.7495461568951916,27.52916666666667,-89.0,-89.0,5.500890886944589,28.0,-76.77083333333333,-81.08333333333333,12.841162016828838,36.583333333333336
Outdoor,4.0,33.263888888888886,3.249016133333334,1.6259259259259258,12.61111111111111,148.72962962962967,0.7222222222222222,47.0,26.37037037037037,20.299999999999997,34.074074074074076,46.925925925925924,31.074074074074073,-100.0,-88.03436614814817,-40.0,7.0,-94.0,-83.90476333333334,-72.33333333333333,35.544444444444444,30.514814814814812,7.136977283770098,26.866666666666667,-94.0,-97.33333333333333,15.040835754518112,60.0,-83.33333333333333,-86.66666666666667,7.1444057741449445,21.666666666666668
Outdoor,4.0,422.7388888888889,7.966573,2.1194444444444445,20.741666666666664,169.97499999999997,1.061111111111111,49.416666666666664,21.055555555555557,17.41944444444444,26.63888888888889,38.77777777777778,37.111111111111114,-100.0,-87.55768286111112,-66.0,5.611111111111111,-94.25,-79.73398694444444,-64.88888888888889,27.356944444444448,23.24722222222222,5.727507276440843,21.905555555555555,-89.55555555555556,-93.13888888888889,9.515807620778846,34.0,-77.02777777777777,-88.5,12.449575757015285,29.36111111111111
Outdoor,4.0,17.911807692307693,3.4536639076923077,3.007692307692307,23.657692307692304,147.18076923076924,1.2961538461538462,48.0,19.076923076923077,17.992307692307694,29.692307692307693,43.65384615384615,12.846153846153847,-100.3076923076923,-86.83833042307691,-43.0,11.384615384615385,-92.11538461538461,-83.03518846153847,-71.65384615384616,29.278846153846153,22.85,7.296043681693116,25.853846153846156,-95.38461538461539,-98.15384615384616,19.79153458890789,57.30769230769231,-84.23076923076923,-84.46153846153847,7.067455091870469,20.46153846153846
Outdoor,4.0,25.20288,7.876874720000001,1.5120000000000002,9.524,158.108,0.772,48.12,30.84,17.944,31.24,45.8,6.92,-96.28,-82.96095248,-57.0,7.36,-91.72,-82.78156031999998,-72.04,31.594,29.616,7.310350168281342,28.283999999999995,-88.88,-95.48,15.887778778973479,39.28,-82.02,-87.32,6.93464980336013,19.68
Outdoor,4.0,39.54372413793104,3.6348198344827596,2.048275862068966,12.920689655172414,173.27586206896552,1.0172413793103448,47.0,28.20689655172414,17.420689655172414,28.655172413793103,46.03448275862069,39.58620689655172,-100.0,-90.02377296551721,-41.0,42.96551724137931,-91.20689655172414,-75.27862068965517,-58.310344827586206,28.62068965517241,26.513793103448275,7.521783732924719,29.06551724137931,-93.0,-93.3103448275862,10.630381590955244,59.0,-75.86206896551724,-73.37931034482759,10.50354444337764,32.89655172413793
Outdoor,4.0,16.017999999999997,3.8364372888888885,2.092592592592593,13.596296296296297,145.54074074074074,0.8777777777777779,50.0,22.85185185185185,16.71851851851852,28.814814814814813,43.111111111111114,29.296296296296298,-98.22222222222223,-86.81921751851851,-44.0,54.25925925925926,-92.66666666666667,-77.58613066666666,-64.66666666666667,29.87222222222222,22.24814814814815,7.861747807980816,27.103703703703705,-90.81481481481481,-94.22222222222223,12.893523546893803,54.22222222222222,-79.03703703703704,-75.88888888888889,7.083581434273788,28.0
Outdoor,4.0,60.24444444444444,6.7641329333333315,1.6962962962962964,11.914814814814813,173.09999999999997,0.9592592592592593,47.0,28.62962962962963,18.892592592592592,32.81481481481482,44.592592592592595,32.111111111111114,-99.37037037037037,-89.17953877777778,-40.0,11.666666666666666,-93.66666666666667,-86.64808000000004,-79.33333333333333,33.553703703703704,25.759259259259263,7.193454614665962,26.140740740740743,-93.68518518518519,-97.81481481481481,13.860639714054015,59.370370370370374,-86.33333333333333,-88.0,4.945751179559245,14.333333333333334
Outdoor,4.0,41.86195652173914,9.006362434782606,1.6652173913043478,11.92608695652174,122.9695652173913,0.8304347826086957,43.08695652173913,24.695652173913043,21.547826086956523,33.17391304347826,44.30434782608695,5.695652173913044,-97.73913043478261,-86.74991,-53.0,12.173913043478262,-92.43478260869566,-85.38454652173911,-77.82608695652173,34.75434782608695,29.54782608695652,6.313300311120725,22.982608695652175,-95.65217391304348,-96.69565217391305,19.438648811764136,44.73913043478261,-85.76086956521739,-86.82608695652173,4.980663860463241,14.608695652173912
Outdoor,4.0,74.84347826086953,17.998347652173912,2.0173913043478255,14.73913043478261,150.86086956521743,0.8869565217391302,48.0,27.304347826086957,15.773913043478261,26.08695652173913,42.17391304347826,5.086956521739131,-98.08695652173913,-84.8086956521739,-47.0,5.304347826086956,-93.6086956521739,-86.02577739130436,-79.47826086956522,26.56739130434783,22.7304347826087,6.788573705569074,26.665217391304346,-94.04347826086956,-98.08695652173913,21.14929809836116,51.08695652173913,-85.47826086956522,-88.52173913043478,6.232874119572619,14.130434782608695
Outdoor,3.3684210526315788,26.27515789473684,1.621152884210526,2.3000000000000003,18.247368421052634,130.14736842105265,1.2842105263157895,43.0,21.473684210526315,18.842105263157897,30.736842105263158,43.63157894736842,15.947368421052632,-97.0,-88.70468821052634,-60.0,18.0,-93.0,-83.60260842105264,-66.94736842105263,30.81578947368421,24.88421052631579,7.80138161594912,25.23157894736842,-90.89473684210526,-96.0,9.754611024623836,37.0,-86.47368421052632,-87.10526315789474,8.232679761049795,26.05263157894737
Outdoor,1.9375,14.885312500000001,1.28162159375,1.5,16.23125,167.0625,0.75,47.0,26.6875,17.668750000000003,32.0625,46.125,12.1875,-97.0,-82.126125,-48.0,5.5625,-84.9375,-79.3499985,-74.625,32.556250000000006,29.31875,8.160328924932156,29.168750000000003,-88.53125,-93.0,17.04269116568807,49.0,-78.75,-82.6875,3.911652043331833,10.3125
Outdoor,4.0,28.915290322580653,20.835414451612895,1.6161290322580646,12.409677419354837,147.13870967741934,0.6903225806451614,46.193548387096776,26.93548387096774,21.012903225806454,32.83870967741935,44.483870967741936,19.29032258064516,-101.74193548387096,-88.82377299999997,-48.0,10.870967741935484,-84.45161290322581,-78.72335993548387,-71.29032258064517,33.84516129032258,29.919354838709676,6.651134838879807,23.967741935483872,-96.70967741935483,-97.0,17.632662216624627,53.74193548387097,-80.38709677419355,-80.38709677419355,5.3152036935256906,13.161290322580646
Outdoor,3.892857142857143,20.112214285714288,1.2541621035714285,4.010714285714285,38.36071428571429,157.85,1.5642857142857145,48.0,20.071428571428573,17.41785714285714,25.964285714285715,39.07142857142857,39.57142857142857,-100.53571428571429,-88.97141421428573,-53.0,25.0,-94.0,-77.5142857142857,-67.85714285714286,26.01607142857143,21.617857142857137,6.223557935341544,21.989285714285717,-91.71428571428571,-92.35714285714286,10.353542589480863,47.535714285714285,-74.71428571428571,-69.57142857142857,8.86058191685358,26.142857142857142
Outdoor,3.892857142857143,15.786392857142856,1.0934961357142858,2.682142857142857,19.91071428571429,166.9892857142857,0.8964285714285715,48.0,21.035714285714285,16.589285714285715,29.035714285714285,40.714285714285715,15.392857142857142,-100.0,-89.6021010714286,-56.0,10.0,-95.0,-79.7,-67.0,30.4375,22.714285714285715,7.433875198617568,24.41785714285714,-92.19642857142857,-94.53571428571429,10.687459173265859,44.0,-79.0,-95.0,8.944893018427392,28.0
Outdoor,3.0,14.702000000000002,1.6644258482758623,1.486206896551724,12.25862068965517,158.1068965517241,0.6517241379310345,47.0,26.03448275862069,19.83793103448276,34.13793103448276,45.62068965517241,10.482758620689655,-99.0,-94.70156744827585,-88.0,11.689655172413794,-92.44827586206897,-81.00391862068966,-70.03448275862068,35.86551724137931,28.20344827586207,6.783511490497069,26.217241379310344,-96.10344827586206,-98.79310344827586,3.9736247170565178,11.0,-81.41379310344827,-86.03448275862068,7.909726168383845,22.413793103448278
Outdoor,4.0,29.03103703703704,1.7928636222222227,1.9592592592592595,19.04074074074074,114.33703703703704,0.9851851851851853,45.0,25.40740740740741,17.866666666666667,27.40740740740741,41.407407407407405,10.444444444444445,-98.0,-85.6627711111111,-47.44444444444444,24.444444444444443,-91.22222222222223,-80.53127096296296,-69.4074074074074,27.692592592592593,23.925925925925927,6.265965006979241,24.01851851851852,-93.0,-93.0,17.918133144027006,50.55555555555556,-82.0925925925926,-84.85185185185185,6.179837741436849,21.814814814814813
Outdoor,4.0,53.72203571428572,6.703582524999999,1.6071428571428577,13.367857142857144,174.825,0.6535714285714286,47.0,26.464285714285715,17.960714285714285,31.321428571428573,46.5,46.285714285714285,-100.60714285714286,-93.76090089285712,-81.57142857142857,5.142857142857143,-92.85714285714286,-88.67346978571432,-84.35714285714286,30.70535714285714,24.739285714285717,8.053498502103096,28.689285714285717,-94.75,-96.0,4.1325749854752045,19.035714285714285,-87.78571428571429,-90.75,3.698161504642804,8.5
Outdoor,4.0,25.00765384615385,4.454071823076923,1.780769230769231,51.26538461538462,166.37307692307692,0.8423076923076924,47.0,24.73076923076923,17.661538461538463,30.307692307692307,43.46153846153846,78.76923076923077,-101.0,-87.38399511538462,-56.07692307692308,13.576923076923077,-93.03846153846153,-83.70461923076924,-65.65384615384616,31.392307692307693,28.388461538461538,7.285170212382727,26.157692307692308,-90.63461538461539,-91.0,9.558592619933732,44.92307692307692,-84.5,-91.34615384615384,8.316575498626296,27.384615384615383
Outdoor,3.96,43.141639999999995,4.26958706,1.58,19.252000000000002,162.06,0.8,49.4,25.92,19.908,32.44,45.4,6.92,-98.0,-83.42038192,-57.0,13.32,-93.24,-81.0518048,-68.84,33.556,30.064,6.877512837220104,25.688,-88.44,-98.0,15.840100181616254,41.0,-79.44,-87.28,7.385706679016758,24.4
Outdoor,4.0,17.69116,1.257233488,1.732,17.855999999999998,128.848,0.8119999999999998,44.0,24.52,16.96,29.28,44.88,14.88,-98.4,-82.97132927999999,-42.0,18.24,-91.08,-76.36263879999998,-47.76,28.811999999999998,20.988000000000003,8.543398257290555,28.4,-90.68,-96.96,16.31220558571229,56.4,-78.08,-83.04,11.888491844839228,43.32
Outdoor,4.0,227.22539285714285,0.9455617285714284,1.6107142857142858,15.921428571428573,162.16071428571425,0.7392857142857142,47.0,25.857142857142858,19.1,32.035714285714285,46.32142857142857,17.428571428571427,-98.0,-88.21362242857143,-52.0,32.0,-94.0,-79.17310571428573,-67.0,32.89464285714286,27.38214285714286,7.272465746703564,27.83571428571429,-90.23214285714286,-95.71428571428571,11.062045191431904,46.0,-77.71428571428571,-72.14285714285714,8.888987520249065,27.0
Outdoor,4.0,45.81757142857144,4.91186220357143,1.4714285714285713,15.160714285714283,178.2678571428571,0.6749999999999999,46.0,25.357142857142858,17.475,34.035714285714285,46.5,19.142857142857142,-99.85714285714286,-84.28534982142857,-39.0,13.857142857142858,-92.89285714285714,-85.67857228571428,-74.28571428571429,35.960714285714275,30.739285714285717,8.01958392259431,29.532142857142865,-93.30357142857143,-95.32142857142857,19.250798092315325,60.857142857142854,-87.14285714285714,-90.35714285714286,5.963769932638436,18.607142857142858
Outdoor,4.0,35.480625,9.939754387499999,1.3291666666666666,15.35,142.28333333333333,0.5541666666666666,42.375,29.125,20.620833333333334,34.625,46.041666666666664,9.291666666666666,-97.0,-85.280106375,-44.0,18.208333333333332,-94.08333333333333,-85.11121483333334,-67.41666666666667,36.510416666666664,33.86666666666667,7.053818808138093,25.754166666666663,-92.9375,-97.0,16.957489788083837,53.0,-87.9375,-91.66666666666667,8.09069579243239,26.666666666666668
Outdoor,4.0,13.734529411764708,5.0973161176470585,1.7294117647058822,16.035294117647055,168.70588235294122,0.8294117647058823,47.0,25.470588235294116,17.305882352941175,30.941176470588236,46.11764705882353,10.588235294117647,-99.0,-84.39866235294119,-46.0,9.470588235294118,-94.3529411764706,-82.04072052941176,-66.52941176470588,31.211764705882356,25.711764705882356,8.334536086457843,29.32941176470588,-92.5,-96.52941176470588,19.65505656446799,53.0,-83.3529411764706,-83.47058823529412,8.834141022558294,27.823529411764707
Outdoor,4.0,22.391206896551733,3.0890749275862075,2.320689655172414,18.320689655172412,172.7310344827586,0.7758620689655172,44.48275862068966,24.724137931034484,19.037931034482757,31.620689655172413,44.93103448275862,39.827586206896555,-100.0,-85.56624827586207,-64.0,5.827586206896552,-70.24137931034483,-64.93103337931035,-56.06896551724138,32.48103448275862,25.53103448275862,7.418117831504713,26.258620689655167,-89.93103448275862,-88.03448275862068,11.124121624052714,36.0,-66.06896551724138,-69.37931034482759,6.532958344180418,14.172413793103448
